{
  "f1": 0.4814153439153439,
  "precision": 0.41398809523809527,
  "recall": 0.8333333333333334,
  "best_threshold": 0.3
}
